City ID,City,Country,Lat,Lng,Temp,Humidity,Clouds,Wind Speed
3628473,San Cristobal,VE,7.77,-72.22,84.2,62,40,8.05
5367788,Lompoc,US,34.64,-120.46,65.35,77,1,10.29
5106841,Albany,US,42.6,-73.97,72.23,65,4,3.69
3870282,Talcahuano,CL,-36.72,-73.12,51.8,93,75,3.36
3698304,Chimbote,PE,-9.09,-78.58,61.03,87,65,9.42
3445026,Vila Velha,BR,-20.33,-40.29,74.16,78,3,14.99
5905393,Bonavista,CA,48.65,-53.11,60.48,79,63,15.68
6201424,Mataura,NZ,-46.19,168.86,59.22,54,95,12.57
2014624,Udachny,RU,66.42,112.4,35.6,93,0,6.71
2022572,Khatanga,RU,71.97,102.5,46.36,64,0,8.05
2101169,Aitape,PG,-3.14,142.35,86.34,61,33,2.57
1501460,Kulunda,RU,52.57,78.94,42.44,93,0,6.82
2017155,Saskylakh,RU,71.92,114.08,46.78,60,0,7.67
3652764,Puerto Ayora,EC,-0.74,-90.35,68.0,87,87,5.01
4030556,Rikitea,PF,-23.12,-134.97,72.54,72,6,12.17
1735106,George Town,MY,5.41,100.34,77.63,94,40,3.36
1490256,Talnakh,RU,69.49,88.4,44.6,93,75,6.71
2261673,Vieira de Leiria,PT,39.87,-8.93,66.13,45,73,1.12
949703,Thaba Nchu,ZA,-29.21,26.84,51.64,43,0,2.15
4020109,Atuona,PF,-9.8,-139.03,78.24,69,12,18.88
4032243,Vaini,TO,-21.2,-175.2,77.0,73,75,14.99
1636022,Martapura,ID,-3.42,114.85,77.0,94,20,1.48
108648,Qurayyat,SA,31.33,37.34,84.2,37,15,9.17
5122534,Jamestown,US,42.1,-79.24,69.89,83,40,8.05
1512101,Agirish,RU,61.92,63.02,50.41,98,91,4.88
1516048,Khovd,MN,48.01,91.64,49.23,45,0,5.08
3926438,Urubamba,PE,-13.3,-72.12,57.04,58,100,5.95
2127515,Wakkanai,JP,45.41,141.67,77.0,78,20,12.75
1489853,Tazovsky,RU,67.47,78.7,48.06,90,100,11.25
4034496,Fare,PF,-16.7,-151.02,78.08,77,1,13.96
3838859,Río Gallegos,AR,-51.62,-69.22,44.6,52,19,8.05
2075265,Busselton,AU,-33.65,115.33,50.18,85,0,7.43
1651810,Airai,TL,-8.93,125.41,70.12,52,47,4.81
934479,Grand Gaube,MU,-20.01,57.66,69.01,87,29,5.99
5848280,Kapaa,US,22.08,-159.32,83.8,62,40,12.75
128234,Kerman,IR,30.28,57.08,57.2,26,0,4.7
1507390,Dikson,RU,73.51,80.55,41.92,100,100,15.26
3356832,Henties Bay,NA,-22.12,14.28,58.46,84,0,2.51
3428068,San Vicente,AR,-26.62,-54.13,64.96,89,94,1.81
5546220,Saint George,US,37.1,-113.58,69.69,18,1,23.04
455520,Skrunda,LV,56.68,22.02,62.6,77,0,11.41
1789647,Xichang,CN,27.9,102.26,67.84,75,97,1.19
3372760,Praia da Vitória,PT,38.73,-27.07,72.64,88,40,12.17
556268,Ostrovnoy,RU,68.05,39.51,46.74,86,26,10.02
611373,Tsnori,GE,41.62,45.97,68.0,77,75,4.7
1649150,Bengkulu,ID,-3.8,102.27,77.43,80,71,3.91
3839307,Rawson,AR,-43.3,-65.1,57.06,37,100,14.79
2409751,Koindu,GN,8.44,-10.33,68.18,99,92,3.94
2170581,Coolum Beach,AU,-26.53,153.1,68.41,60,71,4.0
5911745,Burns Lake,CA,54.23,-125.75,74.84,36,0,1.9
1015776,Bredasdorp,ZA,-34.53,20.04,57.0,93,1,1.01
3466165,Cidreira,BR,-30.18,-50.21,62.6,92,95,21.23
2121385,Severo-Kuril'sk,RU,50.68,156.12,52.34,83,90,16.98
779622,Havøysund,NO,71.0,24.66,50.0,76,40,12.75
2206939,Bluff,NZ,-46.6,168.33,52.97,86,95,17.52
2126682,Bilibino,RU,68.05,166.44,40.15,71,74,5.19
1571058,Phan Thiet,VN,10.93,108.1,79.95,82,95,4.03
3515040,Tulum,MX,20.22,-87.47,82.72,74,40,3.36
964432,Port Alfred,ZA,-33.59,26.89,70.11,53,0,9.44
2414616,Tondon,GN,10.37,-13.35,72.77,93,47,1.61
2800430,Chaumont-Gistoux,BE,50.68,4.72,62.82,93,21,6.93
5364271,Laguna,US,38.42,-121.42,89.73,7,90,19.46
3126369,Carballo,ES,43.21,-8.69,59.45,82,17,3.36
3874787,Punta Arenas,CL,-53.15,-70.92,41.0,75,75,17.22
1803936,Wuwei,CN,37.93,102.64,62.28,72,99,4.29
2381334,Atar,MR,20.52,-13.05,95.79,32,68,13.15
2110227,Butaritari,KI,3.07,172.79,82.63,73,23,7.27
2729907,Longyearbyen,SJ,78.22,15.64,39.2,69,40,16.11
2058430,Whyalla,AU,-33.03,137.58,57.2,76,90,13.87
3466704,Castro,BR,-24.79,-50.01,62.31,91,17,7.07
2610343,Vestmanna,FO,62.16,-7.17,50.0,93,43,17.22
1496073,Orlik,RU,52.52,99.83,45.1,82,34,1.1
3374210,São Filipe,CV,14.9,-24.5,79.84,84,97,16.42
3366880,Hermanus,ZA,-34.42,19.23,57.0,93,36,1.01
2112802,Hasaki,JP,35.73,140.83,86.0,70,20,8.05
3374235,Sal Rei,CV,16.18,-22.92,80.6,88,40,10.29
3833367,Ushuaia,AR,-54.8,-68.3,44.6,52,20,8.05
6096551,Pangnirtung,CA,66.15,-65.71,41.07,64,94,3.91
5866583,Saint Paul Harbor,US,57.79,-152.41,55.4,66,1,4.7
2016307,Solnechnyy,RU,50.72,136.63,51.01,93,100,11.56
3424607,Tasiilaq,GL,65.61,-37.64,37.4,74,24,1.12
4362001,Mayo,US,38.89,-76.51,76.87,74,1,4.7
3645532,Ciudad Bolivar,VE,8.12,-63.55,82.58,68,1,2.44
5861897,Fairbanks,US,64.84,-147.72,51.53,76,90,6.93
3115824,Muros,ES,42.78,-9.06,63.0,79,21,3.0
605155,Kiruna,SE,67.86,20.23,42.8,81,19,9.17
1275103,Būndi,IN,25.44,75.64,78.84,72,0,4.38
4669635,Abilene,US,32.45,-99.73,83.61,48,20,21.92
608271,Shubarkuduk,KZ,49.14,56.49,60.89,51,0,8.16
933696,Kalamare,BW,-22.93,26.57,56.14,64,0,12.12
6355222,Yulara,AU,-25.24,130.99,71.6,35,0,12.75
4475622,Leland,US,34.26,-78.04,74.3,94,90,10.29
6148373,Sioux Lookout,CA,50.1,-91.92,50.0,57,75,5.82
5746545,Portland,US,45.52,-122.68,79.14,10,20,28.86
1300969,Paungde,MM,18.48,95.5,76.23,95,100,6.42
2015306,Tiksi,RU,71.69,128.87,45.81,62,0,14.74
2515555,La Roda,ES,39.22,-2.15,57.34,53,0,5.01
962367,Richards Bay,ZA,-28.78,32.04,64.45,78,0,8.68
2121025,Srednekolymsk,RU,67.45,153.68,44.11,91,100,7.72
986717,Kruisfontein,ZA,-34.0,24.73,65.89,36,0,8.88
5380437,Pacific Grove,US,36.62,-121.92,59.67,94,4,7.58
3403251,Canto do Buriti,BR,-8.11,-42.94,80.26,44,2,7.05
3372707,Ribeira Grande,PT,38.52,-28.7,73.42,81,46,9.73
877401,Songea,TZ,-10.68,35.65,56.14,67,5,1.72
2163355,Hobart,AU,-42.88,147.33,54.0,69,37,1.99
2361342,Diébougou,BF,10.97,-3.25,71.96,97,50,4.23
2192362,Christchurch,NZ,-43.53,172.63,66.2,34,0,4.7
2629833,Husavik,IS,66.04,-17.34,39.2,78,40,5.82
1160571,Khāsh,IR,28.22,61.22,62.42,29,0,4.05
2070998,Geraldton,AU,-28.77,114.6,55.4,87,40,8.05
895057,Binga,ZW,-17.62,27.34,63.9,38,0,2.33
3443061,Chui,UY,-33.7,-53.46,54.75,86,40,11.79
6137462,Saint-Augustin,CA,51.23,-58.65,56.3,84,69,21.16
2156643,Mount Gambier,AU,-37.83,140.77,51.8,76,75,11.41
6185377,Yellowknife,CA,62.46,-114.35,63.61,45,75,18.34
3369157,Cape Town,ZA,-33.93,18.42,57.2,100,75,2.24
4031637,Lavrentiya,RU,65.58,-171.0,42.49,63,58,2.44
1687894,Santa Rosa,PH,14.31,121.11,84.61,74,75,1.12
4034551,Faanui,PF,-16.48,-151.75,77.67,78,3,13.02
5983720,Iqaluit,CA,63.75,-68.51,46.2,52,75,6.93
3423146,Ilulissat,GL,69.22,-51.1,37.4,59,0,5.82
1797181,Renqiu,CN,38.7,116.09,72.28,48,0,5.77
934322,Mahébourg,MU,-20.41,57.7,71.6,83,75,18.34
5055787,Kirksville,US,40.19,-92.58,53.85,93,90,14.99
2377450,Nouakchott,MR,18.09,-15.98,84.2,79,20,11.41
1641977,Kalianget,ID,-7.05,113.93,82.2,70,18,11.05
1252795,Yanam,IN,16.73,82.22,78.19,89,80,0.98
3372964,Lagoa,PT,39.05,-27.98,72.9,82,52,13.58
1173302,Kot Diji,PK,27.34,68.71,86.0,79,0,7.72
6620339,Karratha,AU,-20.74,116.85,84.42,28,0,10.25
3392126,Pilar,BR,-9.6,-35.96,71.6,88,20,5.82
2094342,Kavieng,PG,-2.57,150.8,84.72,70,63,7.63
4036284,Alofi,NU,-19.06,-169.92,77.0,73,90,14.99
2374583,Bubaque,GW,11.28,-15.83,80.1,84,36,13.98
234092,Busembatia,UG,0.77,33.61,64.18,91,74,1.23
4035715,Avarua,CK,-21.21,-159.78,75.2,73,95,8.05
6050066,La Ronge,CA,55.1,-105.28,50.0,57,75,10.29
2015852,Svetlaya,RU,46.54,138.33,65.5,90,73,6.87
3473268,Abadiânia,BR,-16.2,-48.71,75.2,25,19,4.7
3386213,Touros,BR,-5.2,-35.46,75.2,88,3,5.82
3531368,Celestún,MX,20.87,-90.4,82.89,73,80,13.8
2032614,Baruun-Urt,MN,46.68,113.28,56.88,70,0,5.14
2057087,Kupang,ID,-10.17,123.58,78.8,74,20,14.99
5059429,Grand Forks,US,47.93,-97.03,51.51,53,75,6.93
3361934,Saldanha,ZA,-33.01,17.94,57.29,89,0,4.5
2654970,Brae,GB,60.4,-1.35,53.6,93,81,18.34
3466980,Caravelas,BR,-17.71,-39.25,69.71,76,22,5.28
1835848,Seoul,KR,37.57,126.98,70.34,83,75,3.36
6170031,Tuktoyaktuk,CA,69.45,-133.04,37.4,86,90,9.17
1638775,Payo,ID,-3.75,103.64,73.9,84,49,2.48
2738381,Lata,PT,40.16,-8.33,65.52,69,54,3.78
935214,Saint-Pierre,RE,-21.34,55.48,65.3,88,20,6.93
2208248,Kaitangata,NZ,-46.28,169.85,57.0,54,87,1.01
104515,Makkah al Mukarramah,SA,21.43,39.83,83.73,61,0,1.9
3430863,Mar del Plata,AR,-38.0,-57.56,51.96,87,69,13.87
3354071,Oranjemund,NA,-28.55,16.43,61.38,70,0,4.45
1028434,Quelimane,MZ,-17.88,36.89,64.2,88,2,2.91
3622547,Paraíso,CR,9.84,-83.87,68.2,88,75,2.24
2126199,Cherskiy,RU,68.75,161.3,39.45,81,91,8.88
3589036,San Vicente Pacaya,GT,14.42,-90.64,67.03,88,90,4.7
3421319,Nuuk,GL,64.18,-51.72,46.2,49,75,16.11
2929247,Erwitte,DE,51.62,8.35,58.41,91,66,4.32
3694112,Paita,PE,-5.09,-81.11,63.34,81,55,17.45
2181625,Te Anau,NZ,-45.42,167.72,50.92,84,100,5.41
2074865,Carnarvon,AU,-24.87,113.63,59.0,100,54,5.82
1691872,Ransang,PH,8.96,117.58,82.8,68,100,1.88
2126123,Chokurdakh,RU,70.63,147.92,46.26,77,100,11.61
752584,Akçakoca,TR,41.09,31.12,68.32,83,2,3.91
2381972,Adrar,MR,20.5,-10.07,97.83,17,41,9.8
2068110,Kununurra,AU,-15.77,128.73,82.4,26,0,8.48
2122090,Pevek,RU,69.7,170.31,38.41,82,100,6.98
3136690,Stokmarknes,NO,68.56,14.91,48.0,84,95,13.0
3932145,Pisco,PE,-13.7,-76.22,63.36,72,3,16.11
3664659,Carauari,BR,-4.88,-66.9,81.84,43,98,1.21
1282256,Hithadhoo,MV,-0.6,73.08,81.82,77,92,10.31
2271968,Aljezur,PT,37.32,-8.8,66.0,93,73,1.99
1150965,Ranong,TH,9.97,98.63,75.2,100,20,5.57
3625710,Upata,VE,8.01,-62.4,74.25,80,27,1.9
1528998,Yumen,CN,40.28,97.2,60.91,43,0,6.11
238566,Ippy,CF,6.27,21.22,68.94,97,88,1.41
1855612,Nara,JP,34.69,135.8,80.58,65,75,2.24
3173615,Melfi,IT,41.0,15.65,73.4,73,5,13.87
2155415,New Norfolk,AU,-42.78,147.06,51.98,66,63,1.99
2090021,Namatanai,PG,-3.67,152.43,85.08,68,7,4.9
3465639,Conselheiro Pena,BR,-19.17,-41.47,74.32,60,24,2.15
4956335,Yarmouth,US,41.71,-70.23,68.9,94,90,3.36
2028164,Deputatsky,RU,69.3,139.9,42.8,74,96,3.96
2427336,Moussoro,TD,13.64,16.49,86.86,59,69,4.85
3985168,San Patricio,MX,19.22,-104.7,87.8,79,20,13.87
1626542,Sorong,ID,-0.88,131.25,80.74,82,64,5.5
343292,Āsosa,ET,10.07,34.53,61.45,100,84,1.43
350203,Rosetta,EG,31.4,30.42,80.6,78,20,10.29
2760510,Zistersdorf,AT,48.53,16.75,54.72,76,0,1.97
5880054,Barrow,US,71.29,-156.79,35.6,74,90,4.7
515246,Onega,RU,63.91,38.14,47.26,92,21,1.88
3668012,Simití,CO,7.96,-73.94,76.14,84,100,1.39
174448,Abu Kamal,SY,34.45,40.92,84.9,19,0,7.43
1267433,Kattivākkam,IN,13.22,80.32,77.0,88,40,5.82
1106677,Bambous Virieux,MU,-20.34,57.76,70.38,83,75,18.34
2618795,Klaksvík,FO,62.23,-6.59,50.0,93,37,17.22
2641434,Northam,GB,51.03,-4.22,58.32,93,0,3.0
6323121,Florianópolis,BR,-27.61,-48.5,67.03,100,75,6.93
3193044,Podgorica,ME,42.44,19.26,80.6,47,1,12.75
3414079,Olafsvik,IS,64.89,-23.71,43.5,71,60,12.5
546105,Nikolskoye,RU,59.7,30.79,51.58,93,90,4.47
5329649,Blythe,US,33.61,-114.6,91.72,7,1,13.87
5969025,Haines Junction,CA,60.75,-137.51,57.33,61,93,4.92
964420,Port Elizabeth,ZA,-33.92,25.57,60.8,82,0,4.7
2136825,Isangel,VU,-19.55,169.27,69.8,100,90,7.99
2036581,Jiamusi,CN,46.83,130.35,63.19,96,100,1.74
4033356,Tiarei,PF,-17.53,-149.33,84.2,66,20,17.22
6165406,Thompson,CA,55.74,-97.86,50.0,69,75,8.05
1633419,Padang,ID,-0.95,100.35,78.4,78,100,5.03
4031574,Provideniya,RU,64.38,-173.3,42.8,61,39,11.18
1701054,Marawi,PH,8.0,124.29,79.0,82,28,4.0
1784841,Zhaotong,CN,27.32,103.72,61.41,89,100,0.89
3393536,Olinda,BR,-8.01,-34.86,78.8,74,40,9.17
4946620,Palmer,US,42.16,-72.33,72.09,57,20,3.36
3176748,Forio,IT,40.73,13.86,75.4,79,0,1.99
493702,Mikhaylovsk,RU,45.13,42.03,66.11,77,69,6.71
2015352,Terney,RU,45.05,136.61,66.47,88,66,6.71
1181065,Chitral,PK,35.85,71.79,67.68,42,1,0.29
1856392,Muroto-misakicho,JP,33.28,134.15,75.2,69,99,8.05
2092164,Lorengau,PG,-2.02,147.27,83.91,78,100,8.28
2206874,Waipawa,NZ,-41.41,175.52,57.33,62,0,29.97
3389822,Salinópolis,BR,-0.61,-47.36,80.92,80,28,14.12
2522833,Ugento,IT,39.93,18.16,73.99,74,0,15.73
3653967,Muisne,EC,0.6,-80.03,77.0,88,75,4.7
3374083,Bathsheba,BB,13.22,-59.52,80.6,74,20,6.93
110690,Faya,SA,18.39,42.45,70.7,40,24,4.7
1562414,Vung Tau,VN,10.35,107.08,81.59,81,95,5.1
3468704,Butiá,BR,-30.12,-51.96,61.48,95,86,6.78
3461289,Indiaroba,BR,-11.52,-37.51,71.26,93,24,4.25
3420846,Qaqortoq,GL,60.72,-46.03,41.0,88,100,23.02
2240449,Luanda,AO,-8.84,13.23,71.6,88,20,10.29
2123814,Leningradskiy,RU,69.38,178.42,44.64,68,65,7.31
544084,Koslan,RU,63.46,48.9,55.49,91,99,7.45
1640902,Kawalu,ID,-7.38,108.21,73.54,84,90,1.81
2027244,Bagdarin,RU,54.43,113.6,56.59,76,48,1.86
6113406,Prince Rupert,CA,54.32,-130.32,62.6,82,1,5.82
3421982,Maniitsoq,GL,65.42,-52.9,41.72,65,100,8.77
3520994,Puerto Escondido,MX,15.85,-97.07,84.2,58,75,6.93
1855476,Nichinan,JP,31.6,131.37,75.2,88,75,4.7
353219,Madīnat Sittah Uktūbar,EG,29.82,31.05,78.8,83,40,11.41
2248477,Mbour,SN,14.42,-16.96,77.0,94,20,6.93
2409914,Bonthe,SL,7.53,-12.51,76.17,89,16,3.65
3438070,General Elizardo Aquino,PY,-24.43,-56.7,71.17,77,80,3.65
2434910,Bongor,TD,10.28,15.37,74.41,91,85,3.6
553766,Kamenka,RU,51.32,42.77,51.01,87,58,7.25
3357247,Gobabis,NA,-22.45,18.97,59.22,33,0,10.47
2012530,Zhigansk,RU,66.77,123.37,46.04,67,0,9.22
3694586,Mórrope,PE,-6.54,-80.01,64.0,79,65,4.0
3471451,Arraial do Cabo,BR,-22.97,-42.03,75.2,83,40,8.05
2132606,Samarai,PG,-10.62,150.67,78.19,81,97,15.82
2440371,Ouallam,NE,14.32,2.09,84.79,57,20,11.56
5334423,Carpinteria,US,34.4,-119.52,74.3,78,90,4.0
5282297,Bethel,US,41.37,-73.41,72.0,64,1,6.93
5961564,Glace Bay,CA,46.2,-59.96,67.98,94,40,5.82
2063036,Port Lincoln,AU,-34.73,135.87,55.67,70,0,14.58
3512067,Baní,DO,18.28,-70.33,84.0,80,54,1.99
2013279,Vostok,RU,46.49,135.88,60.71,88,88,3.96
2036933,Helong,CN,42.54,129.0,66.36,58,79,12.12
2088122,Port Moresby,PG,-9.44,147.18,84.2,70,40,17.22
1006984,East London,ZA,-33.02,27.91,67.89,62,0,9.93
3924679,Vilhena,BR,-12.74,-60.15,84.2,48,18,6.93
3396016,Macapá,BR,0.04,-51.07,86.0,79,20,11.41
2022773,Khandyga,RU,62.67,135.6,51.21,60,0,2.77
2960964,Wexford,IE,52.33,-6.46,61.68,92,68,5.99
1848976,Wajima,JP,37.4,136.9,78.8,88,20,3.36
616117,Vahan,AM,40.58,45.4,50.02,91,53,2.93
6089245,Norman Wells,CA,65.28,-126.83,59.0,72,90,9.17
3831208,Qaanaaq,GL,77.48,-69.36,27.97,95,100,11.1
3671437,Caucayá,CO,-0.19,-74.78,79.0,71,81,1.99
1759513,Kuala Sungai Baru,MY,2.36,102.04,75.09,94,20,4.9
1629974,Rantepao,ID,-2.97,119.9,72.46,81,41,2.06
3840092,Puerto Madryn,AR,-42.77,-65.04,58.37,41,100,16.71
86049,Jalu,LY,29.03,21.55,77.2,44,0,8.61
2978639,Arrondissement de Saint-Malo,FR,48.5,-1.83,58.68,100,29,2.24
3984997,San Quintín,MX,30.48,-115.95,75.15,75,12,7.99
2027042,Batagay-Alyta,RU,67.8,130.41,45.37,59,3,2.68
2377457,Nouadhibou,MR,20.93,-17.03,80.6,83,20,9.17
2071860,Esperance,AU,-33.87,121.9,50.0,71,0,18.34
2758621,Borger,NL,52.92,6.79,63.0,94,77,3.0
3985710,Cabo San Lucas,MX,22.89,-109.91,85.68,70,20,11.41
778362,Øksfjord,NO,70.24,22.35,48.9,76,45,14.99
2063042,Port Hedland,AU,-20.32,118.57,78.8,31,0,4.7
1568770,Quang Ngai,VN,15.12,108.8,79.95,80,99,4.09
3355672,Lüderitz,NA,-26.65,15.16,65.71,58,0,7.63
4937557,Gardner,US,42.58,-72.0,71.51,85,0,2.8
478849,Uralets,RU,57.66,59.65,49.73,96,69,4.18
2112309,Katsuura,JP,35.13,140.3,85.51,73,0,4.0
1510377,Belyy Yar,RU,53.6,91.39,48.2,87,79,4.47
3412093,Vestmannaeyjar,IS,63.44,-20.27,47.64,77,55,5.01
1487599,Verkh-Chebula,RU,56.03,87.62,44.85,88,57,5.48
3681505,Guapí,CO,2.57,-77.89,74.79,89,84,1.83
3668605,Santa Marta,CO,11.24,-74.2,81.0,85,28,4.68
2119447,Yuzhno-Kurilsk,RU,44.03,145.86,66.74,95,99,9.35
3832899,Viedma,AR,-40.81,-63.0,61.0,67,100,4.0
100926,Umluj,SA,25.02,37.27,84.58,71,0,9.19
2122493,Omsukchan,RU,62.53,155.8,41.22,68,44,13.67
145034,Abhar,IR,36.15,49.22,57.04,69,0,6.02
3382160,Cayenne,GF,4.93,-52.33,78.8,94,68,11.25
4047434,Russell,US,32.35,-85.2,83.77,42,1,5.82
1819729,Hong Kong,HK,22.29,114.16,80.19,88,98,5.01
543396,Koygorodok,RU,60.45,51.0,57.92,84,97,8.34
5588842,Chubbuck,US,42.92,-112.47,59.58,26,20,9.17
2180815,Tuatapere,NZ,-46.13,167.68,54.75,82,93,9.28
3883457,Lebu,CL,-37.62,-73.65,50.32,91,100,5.12
3418910,Upernavik,GL,72.79,-56.15,35.11,82,66,4.81
601734,Daşoguz,TM,41.84,59.97,64.4,45,99,6.93
5855927,Hilo,US,19.73,-155.09,78.96,66,90,6.93
5983607,Inuvik,CA,68.35,-133.72,42.8,93,90,4.7
2460954,Araouane,ML,18.9,-3.53,94.87,32,12,10.47
1734098,Keningau,MY,5.34,116.16,80.26,83,20,5.82
1257456,Sandūr,IN,15.1,76.55,73.65,88,53,4.56
2392087,Porto-Novo,BJ,6.5,2.6,78.8,88,40,12.75
1630639,Pringsewu,ID,-5.36,104.97,75.33,87,91,0.76
1795632,Shenjiamen,CN,29.96,122.3,76.8,82,28,1.48
544318,Kosa,RU,59.94,55.0,54.43,96,96,5.61
1259429,Valpoi,IN,15.53,74.14,78.8,100,75,3.36
2643044,Margate,GB,51.38,1.39,62.76,96,51,9.37
3526662,Izamal,MX,20.93,-89.02,87.89,62,75,12.75
5919850,Chapais,CA,49.78,-74.85,51.8,62,75,3.36
5545269,Price,US,39.6,-110.81,39.2,80,90,3.36
3904906,Santa Cruz de la Sierra,BO,-17.8,-63.17,75.2,53,50,4.7
499025,Samoded,RU,63.61,40.51,49.57,98,100,2.08
4021858,Guerrero Negro,MX,27.98,-114.06,83.86,50,0,15.17
1712961,Gigmoto,PH,13.78,124.39,83.75,78,100,5.82
2194098,Ahipara,NZ,-35.17,173.17,59.18,58,2,2.51
336745,Gewanē,ET,10.17,40.65,79.07,59,20,11.14
1489209,Troitskoye,RU,52.98,84.68,44.44,90,92,9.89
1273665,Dākor,IN,22.75,73.15,84.2,83,20,1.12
2269594,Cascais,PT,38.7,-9.42,68.31,29,82,1.99
1214026,Sabang,ID,5.89,95.32,82.38,75,98,12.95
3421765,Nanortalik,GL,60.14,-45.24,45.7,89,100,20.65
1268814,Joshīmath,IN,30.57,79.57,61.72,52,10,2.73
57000,Hobyo,SO,5.35,48.53,75.85,81,60,23.51
3461370,Imbituba,BR,-28.24,-48.67,66.2,100,75,6.93
5866063,Kenai,US,60.55,-151.26,56.46,76,1,14.99
5384339,Port Hueneme,US,34.15,-119.2,75.2,73,75,8.05
2137773,Vao,NC,-22.67,167.48,67.69,80,20,19.95
2449893,Tessalit,ML,20.2,1.01,89.46,29,43,12.88
5261790,Marathon,US,44.9,-89.77,49.06,71,90,5.82
3393692,Itarema,BR,-2.92,-39.92,77.77,80,0,14.38
1501000,Kyshtovka,RU,56.55,76.63,41.4,96,96,7.05
135423,Shahrud,IR,36.42,54.98,62.78,65,27,6.64
542374,Krasnogorsk,RU,55.82,37.32,50.0,87,40,11.18
935215,Saint-Philippe,RE,-21.36,55.77,64.6,88,40,6.93
2013727,Vanavara,RU,60.34,102.28,46.98,91,100,5.41
1791673,Weihai,CN,37.5,122.11,72.7,74,1,8.19
1628884,Sampit,ID,-2.53,112.95,77.99,88,79,1.79
3141332,Røros,NO,62.57,11.38,37.4,100,82,1.12
2028028,Aksha,RU,50.28,113.29,58.37,71,0,1.34
2512340,Pozoblanco,ES,38.38,-4.85,73.4,56,5,5.82
933077,Shakawe,BW,-18.37,21.85,59.38,30,0,7.02
1692781,President Roxas,PH,7.15,125.06,80.6,83,75,1.12
3353383,Rundu,NA,-17.93,19.77,59.2,32,0,6.87
3617723,Obregon,NI,11.96,-85.96,82.4,78,40,6.93
3860443,Comodoro Rivadavia,AR,-45.87,-67.5,55.4,24,47,19.46
538685,Kurmanayevka,RU,52.51,52.07,59.79,34,90,10.16
5231851,Sioux Falls,US,43.55,-96.7,45.7,65,90,9.17
1855342,Nishihara,JP,26.18,127.76,78.69,100,90,6.67
2033196,Zhangjiakou,CN,40.81,114.88,61.93,57,0,5.57
2236967,Soyo,AO,-6.13,12.37,72.88,88,86,6.51
1850523,Tateyama,JP,34.98,139.87,84.07,83,20,12.75
5903851,Blind River,CA,46.18,-82.96,52.97,62,90,6.93
3441665,Minas,UY,-34.38,-55.24,57.09,76,48,13.87
2123100,Myaundzha,RU,63.05,147.19,41.9,64,9,3.13
515879,Oktyabr'skiy,RU,54.48,53.47,56.75,61,73,6.38
2013442,Vershino-Darasunskiy,RU,52.35,115.52,58.71,68,0,1.3
3848950,La Rioja,AR,-29.41,-66.85,63.93,45,0,2.33
1235846,Matara,LK,5.95,80.54,78.91,87,100,10.47
3356213,Khorixas,NA,-20.37,14.97,62.11,30,0,2.77
4004293,Ixtapa,MX,20.7,-105.2,84.09,74,75,8.05
5924351,Clyde River,CA,70.47,-68.59,33.8,100,90,4.7
2079582,Alyangula,AU,-13.85,136.42,80.6,69,40,8.05
244878,Biltine,TD,14.53,20.92,82.27,64,3,3.31
2030065,Mandalgovi,MN,45.76,106.27,60.53,49,90,8.43
6078112,Moose Jaw,CA,50.4,-105.53,54.77,24,75,9.17
2396518,Port-Gentil,GA,-0.72,8.78,77.0,83,40,16.37
3924610,Achacachi,BO,-16.05,-68.68,45.66,72,51,1.81
3395458,Maragogi,BR,-9.01,-35.22,73.33,86,74,5.91
1489656,Teya,RU,60.38,92.63,39.94,90,24,1.3
4470244,Havelock,US,34.88,-76.9,75.0,96,100,8.46
5557293,Sitka,US,57.05,-135.33,60.8,82,90,1.77
2012593,Zeya,RU,53.75,127.27,60.15,64,71,5.7
287286,Ruwi,OM,23.6,58.55,84.2,54,0,3.36
4004616,Huejuquilla el Alto,MX,22.6,-103.87,72.9,67,81,6.96
1788852,Xining,CN,36.62,101.77,56.41,78,97,1.16
1657818,Champasak,LA,14.75,106.0,75.67,96,100,1.59
1489822,Tegul'det,RU,57.31,88.17,39.49,97,62,3.02
3448903,São João da Barra,BR,-21.64,-41.05,72.86,86,40,13.35
2177091,Ballarat,AU,-37.57,143.85,50.32,69,23,1.01
3984571,Santa Catarina de Tepehuanes,MX,25.35,-105.73,71.31,64,60,5.23
1503061,Kochki,RU,54.34,80.48,39.81,96,16,6.49
1337619,Ugoofaaru,MV,5.67,73.0,82.2,79,96,17.87
1258201,Repalle,IN,16.02,80.85,79.29,89,18,2.68
5731070,Hermiston,US,45.84,-119.29,76.37,12,1,10.29
2524379,Lipari,IT,38.47,14.95,76.33,72,14,1.99
3347719,Luena,AO,-11.78,19.92,58.1,34,0,4.43
332746,Korem,ET,12.51,39.52,56.79,74,22,2.57
6455340,Saint-Cloud,FR,48.85,2.22,64.26,88,75,0.94
3357114,Grootfontein,NA,-19.57,18.12,57.13,32,0,8.9
1488903,Turukhansk,RU,65.82,87.98,47.28,79,100,5.59
5850554,Makakilo City,US,21.35,-158.09,86.34,55,90,5.82
1502066,Krasnoshchekovo,RU,51.67,82.73,42.22,86,73,6.02
4845585,Westport,US,41.14,-73.36,72.21,83,0,6.69
3421193,Paamiut,GL,61.99,-49.67,45.45,78,100,22.84
2077895,Alice Springs,AU,-23.7,133.88,77.49,22,0,11.41
3877918,Ovalle,CL,-30.6,-71.2,55.92,62,78,2.42
933995,Souillac,MU,-20.52,57.52,71.6,83,75,18.34
3421719,Narsaq,GL,60.92,-46.05,40.05,87,100,18.7
5856516,‘Āhuimanu,US,21.44,-157.84,84.09,65,75,12.75
2400547,Gamba,GA,-2.65,10.0,74.7,86,70,8.93
2122389,Ossora,RU,59.24,163.07,50.22,90,100,31.43
6167817,Torbay,CA,47.67,-52.73,61.38,93,75,11.41
1504382,Kargasok,RU,59.06,80.86,40.37,98,74,6.04
2246451,Saint-Louis,SN,16.33,-15.0,86.0,74,75,4.7
2303611,Esim,GH,4.87,-2.24,76.12,89,86,9.42
3453014,Porangatu,BR,-13.44,-49.15,78.98,30,3,2.04
1510689,Baykit,RU,61.67,96.37,45.09,87,98,4.09
1259385,Port Blair,IN,11.67,92.75,81.91,79,97,3.67
3899695,Ancud,CL,-41.87,-73.82,45.0,91,41,9.17
2189343,Kaeo,NZ,-35.1,173.78,60.01,31,11,4.38
3451138,Rio Grande,BR,-32.03,-52.1,60.01,94,100,5.01
5118693,Glens Falls,US,43.31,-73.64,72.19,78,1,2.33
1799462,Shaoyang,CN,27.23,111.45,76.71,86,41,1.25
3870243,Taltal,CL,-25.4,-70.48,56.98,73,11,3.58
3468436,Cachoeira do Sul,BR,-30.04,-52.89,61.9,93,96,5.7
4513583,Hamilton,US,39.18,-84.53,80.49,58,1,4.7
3380290,Sinnamary,GF,5.38,-52.95,79.65,86,57,8.59
2012956,Yerbogachën,RU,61.28,108.01,47.01,88,75,8.3
3576994,Cockburn Town,TC,21.46,-71.14,83.1,80,57,14.41
1181611,Chaman,PK,30.92,66.45,63.16,26,0,2.73
535839,Leshukonskoye,RU,64.9,45.76,56.37,93,100,9.98
1529484,Kumul,CN,42.8,93.45,68.52,35,0,2.24
10722858,Forsytheganj,BY,52.63,29.73,57.88,70,95,14.74
5563839,Fortuna,US,40.6,-124.16,68.0,68,20,9.17
2212775,Sabha,LY,27.04,14.43,84.43,21,0,11.9
2174444,Bowen,AU,-20.02,148.23,71.6,78,40,21.92
2417831,Mamou,GN,10.5,-12.0,69.49,96,85,1.36
8010683,Porto Santo,PT,33.07,-16.34,71.6,83,20,11.41
2641519,Newtownards,GB,54.59,-5.69,60.89,88,93,11.41
2447513,Arlit,NE,18.74,7.39,95.58,16,13,8.41
701802,Markova,UA,48.68,24.41,51.69,79,57,4.29
3902377,La Santisima Trinidad,BO,-14.83,-64.9,82.76,34,94,3.09
4231997,Avera,US,33.19,-82.53,78.78,54,1,4.7
6166142,Thunder Bay,CA,48.4,-89.32,52.36,71,90,3.36
5955902,Fort Nelson,CA,58.81,-122.7,77.0,33,75,9.17
3466696,Catalão,BR,-18.17,-47.95,73.9,33,13,9.44
3427761,Tigre,AR,-34.43,-58.58,62.82,77,88,5.82
5354943,Half Moon Bay,US,37.46,-122.43,73.65,93,90,12.75
5972291,Havre-St-Pierre,CA,50.23,-63.6,51.8,76,1,18.34
2520645,Cabra,ES,37.47,-4.44,71.04,56,0,5.82
2126785,Belaya Gora,RU,68.53,146.42,49.75,66,99,8.16
1215502,Banda Aceh,ID,5.56,95.32,79.63,76,97,7.96
2065594,Mount Isa,AU,-20.73,139.5,78.8,39,0,17.22
5882953,Aklavik,CA,68.22,-135.01,42.8,93,90,4.7
6180550,Whitehorse,CA,60.72,-135.05,55.87,76,90,13.87
72181,Marzuq,YE,14.4,46.47,79.34,57,60,4.9
2185763,Okato,NZ,-39.2,173.88,52.43,77,100,10.0
1282898,Pokhara,NP,28.23,83.98,69.73,76,91,2.89
2450173,Taoudenni,ML,22.68,-3.98,97.07,20,0,9.69
2082539,Merauke,ID,-8.47,140.33,81.41,70,75,15.14
1314759,Lashio,MM,22.93,97.75,68.25,100,56,0.58
3406318,Barra do Corda,BR,-5.5,-45.25,80.22,42,39,2.8
2055868,Yantal',RU,56.85,105.25,49.21,82,100,1.05
1862505,Hirara,JP,24.8,125.28,82.08,94,75,3.36
2412408,Nioro,GM,13.35,-15.75,75.18,94,31,4.14
6125653,Roberval,CA,48.52,-72.23,53.6,76,90,5.82
2025256,Chumikan,RU,54.72,135.31,55.53,65,1,2.93
2138555,Poum,NC,-20.23,164.02,70.41,76,15,21.07
1635283,Metro,ID,-5.11,105.31,77.65,84,98,3.13
1267390,Kavaratti,IN,10.57,72.64,81.18,84,73,14.52
1804874,Kaihua,CN,23.37,104.28,65.95,91,97,2.35
4735729,Taylor,US,32.3,-99.83,84.02,48,20,21.92
1056899,Sambava,MG,-14.27,50.17,69.69,87,48,10.58
1234808,Monaragala,LK,6.87,81.35,75.97,81,100,8.03
3139597,Sistranda,NO,63.73,8.83,52.75,81,75,18.34
1688781,City of San Pedro,PH,14.35,121.02,84.61,74,75,1.12
6111867,Port Hawkesbury,CA,45.62,-61.35,69.06,88,1,6.93
3019766,La Baule-Escoublac,FR,47.29,-2.36,61.77,88,1,3.36
1794209,Simao,CN,22.79,100.97,66.72,95,97,0.92
1529626,Baijiantan,CN,45.63,85.18,64.2,38,0,3.13
2456917,Goundam,ML,16.41,-3.67,89.78,41,41,9.46
3163146,Andenes,NO,69.31,16.12,48.2,81,100,13.87
4269392,Chanute,US,37.68,-95.46,61.63,82,90,13.87
933759,Ghanzi,BW,-21.57,21.78,58.17,36,0,5.68
3924908,Pimenta Bueno,BR,-11.67,-61.19,82.72,22,7,1.14
1526041,Atasū,KZ,48.68,71.64,43.11,67,0,7.09
5150529,Cleveland,US,41.5,-81.7,79.09,54,75,9.17
1054329,Vangaindrano,MG,-23.35,47.6,66.42,93,44,4.52
107304,Buraidah,SA,26.33,43.98,78.8,27,0,3.36
60019,Eyl,SO,7.98,49.82,74.84,78,6,17.6
3160491,Botngård,NO,63.77,9.81,52.77,81,75,18.34
1722941,Bulata,PH,9.86,122.4,83.48,73,99,4.29
610864,Khani,GE,41.96,42.96,68.0,94,75,2.24
1492948,Saryg-Sep,RU,51.5,95.6,45.84,62,93,1.5
3456248,Nortelândia,BR,-14.45,-56.8,83.12,24,31,2.46
3105522,Bereda,ES,43.27,-7.54,55.99,100,1,3.0
2191562,Dunedin,NZ,-45.87,170.5,51.01,71,67,5.99
3408368,Acaraú,BR,-2.89,-40.12,77.61,80,0,14.83
2358382,Léo,BF,11.1,-2.1,71.1,97,72,3.51
2208332,Opotiki,NZ,-38.08,177.28,57.0,63,4,4.0
3671387,Puerto Nariño,CO,-3.77,-70.38,82.4,94,75,1.21
3386467,Terra Santa,BR,-2.1,-56.49,82.63,46,69,3.09
203717,Yangambi,CD,0.81,24.43,70.0,98,35,2.33
1326105,Falam,MM,22.92,93.68,61.11,100,100,2.37
3388456,São José da Coroa Grande,BR,-8.9,-35.15,73.89,85,74,6.4
1803567,Linfen,CN,36.09,111.52,75.76,43,72,5.95
6540127,Olbia,IT,40.92,9.49,69.8,94,20,1.12
1737185,Kapit,MY,2.02,112.93,76.75,91,73,1.05
1106643,Quatre Cocos,MU,-20.21,57.76,70.27,94,75,14.99
3698359,Chicama,PE,-7.84,-79.15,62.13,81,38,8.14
2063056,Port Augusta,AU,-32.5,137.77,59.29,76,100,13.87
2186239,New Plymouth,NZ,-39.07,174.08,50.0,77,98,10.0
3429594,Reconquista,AR,-29.15,-59.65,59.43,92,7,8.08
4142290,Dover,US,39.16,-75.52,74.41,83,1,4.7
118743,Rasht,IR,37.28,49.58,69.96,64,0,2.71
1045114,Inhambane,MZ,-23.86,35.38,67.24,86,0,6.55
760680,Radzyń Podlaski,PL,51.78,22.62,57.52,87,28,6.93
1714733,Dingle,PH,11.0,122.67,82.24,79,91,3.53
2630299,Hofn,IS,64.25,-15.21,43.7,61,87,10.29
1151528,Pa Sang,TH,18.53,98.94,73.2,94,75,5.82
4560349,Philadelphia,US,39.95,-75.16,77.72,54,1,4.7
2126710,Beringovskiy,RU,63.05,179.32,49.55,60,87,4.38
4969398,Lewiston,US,44.1,-70.21,66.27,83,40,5.82
1040938,Manjacaze,MZ,-24.71,33.88,62.28,96,0,2.68
408689,Lárdos,GR,36.09,28.02,80.8,61,0,10.29
2121373,Seymchan,RU,62.88,152.43,46.49,55,5,11.97
1513990,Gazli,UZ,40.13,63.45,61.7,29,45,13.35
1992517,Baoning,CN,25.34,110.03,77.0,94,40,0.76
3401845,Conceição do Araguaia,BR,-8.26,-49.26,82.98,28,29,1.45
3930817,Quilmaná,PE,-12.95,-76.38,61.79,73,13,3.62
2018735,Nyurba,RU,63.28,118.33,46.9,73,0,6.11
5830062,Laramie,US,41.31,-105.59,25.95,73,90,17.22
6354897,Rivière-du-Loup,CA,47.83,-69.53,57.25,59,100,3.31
3939761,Hualmay,PE,-11.1,-77.61,61.45,82,38,11.45
2644204,Livingston,GB,55.9,-3.52,61.56,88,75,11.41
580850,Arsk,RU,56.09,49.88,66.2,39,100,13.42
2963902,Granard,IE,53.77,-7.5,61.0,94,100,11.41
2636790,Stornoway,GB,58.21,-6.39,52.3,93,75,9.17
3137469,Sørland,NO,67.67,12.69,51.04,74,100,34.83
3450083,Santa Maria,BR,-29.68,-53.81,64.4,93,75,9.17
1799384,Ninghai,CN,29.29,121.42,73.11,83,16,2.24
2137748,Voh,NC,-20.97,164.7,74.5,61,35,13.65
3388847,São Félix do Xingu,BR,-6.64,-51.99,81.28,31,74,2.04
2037375,Fujin,CN,47.26,132.03,62.11,97,100,7.23
3911925,La Paz,BO,-16.5,-68.15,42.8,70,90,6.93
2093691,Kokoda,PG,-8.88,147.74,76.86,72,96,0.63
4575352,Columbia,US,34.0,-81.03,80.74,51,1,3.36
1223738,Weligama,LK,5.97,80.42,79.11,87,100,10.49
610298,Beyneu,KZ,45.32,55.2,57.67,36,0,0.58
1280037,Shache,CN,38.42,77.24,61.52,32,24,4.61
1490140,Tara,RU,56.89,74.37,40.24,96,53,5.77
1685422,Sulangan,PH,11.14,123.72,83.79,75,100,6.62
1738050,Marabu,MY,4.41,114.01,77.0,100,40,3.36
3981391,Tomatlán,MX,19.93,-105.25,81.32,80,86,4.09
7117100,Vila,PT,42.03,-8.16,60.01,64,47,1.99
1214488,Meulaboh,ID,4.14,96.13,75.24,87,96,2.73
2264557,Ponta do Sol,PT,32.67,-17.1,73.4,78,20,3.36
3174856,Lerici,IT,44.08,9.91,73.42,67,34,7.47
1264976,Leh,IN,34.17,77.58,49.73,43,0,3.78
3407882,Altamira,BR,-3.2,-52.21,80.73,45,43,1.97
2980080,Saint-François,FR,46.42,3.91,51.89,81,0,2.53
5847411,Kahului,US,20.89,-156.47,83.68,43,40,21.92
2446796,Bilma,NE,18.69,12.92,97.97,20,58,6.06
974719,Molteno,ZA,-31.4,26.36,55.81,37,0,4.21
2963295,Killybegs,IE,54.63,-8.45,52.0,97,97,1.01
5870133,Nome,US,64.5,-165.41,51.01,66,90,4.7
155263,Mahonda,TZ,-6.45,39.47,75.67,78,1,11.65
1705276,Luklukan,PH,14.33,122.71,83.28,82,100,8.86
6182212,Williams Lake,CA,52.14,-122.14,71.6,35,20,9.17
286621,Salalah,OM,17.02,54.09,78.8,83,75,1.12
2013923,Ust'-Kut,RU,56.79,105.77,50.32,81,100,1.99
3924895,Plácido de Castro,BR,-10.34,-67.19,84.42,29,62,3.02
3038230,Alençon,FR,48.43,0.08,64.4,77,2,3.15
3395981,Maceió,BR,-9.67,-35.74,71.6,88,20,5.82
1563281,Tuy Hoa,VN,13.08,109.3,80.89,79,100,3.91
2303258,Boma,GH,7.08,-2.17,71.55,97,15,3.58
777019,Vardø,NO,70.37,31.11,51.48,82,83,13.91
1634614,Nabire,ID,-3.37,135.48,84.25,72,26,1.52
5666176,Miles City,US,46.41,-105.84,50.0,37,1,3.36
101312,Turaif,SA,31.67,38.66,82.4,18,34,3.36
687726,Zaozyornoye,UA,45.16,33.28,68.7,56,3,16.42
494884,Shenkursk,RU,62.11,42.9,52.3,97,100,2.51
1487332,Verkhnyaya Inta,RU,65.98,60.31,54.36,95,100,4.81
1513491,Yangi Marg`ilon,UZ,40.43,71.72,60.8,55,0,2.24
1337607,Kudahuvadhoo,MV,2.67,72.89,81.9,78,87,13.98
